{"cameraMode":{"drawMode":0,"name":"Shaded","section":"Shading Mode"},"sceneLighting":true,"audioPlay":false,"sceneViewState":{"m_AlwaysRefresh":false,"showFog":true,"showSkybox":true,"showFlares":true,"showImageEffects":true,"showParticleSystems":true,"showVisualEffectGraphs":true,"m_FxEnabled":true},"in2DMode":false,"pivot":{"x":1.9195213317871094,"y":-18.710092544555665,"z":21.782546997070314},"rotation":{"x":-0.3482549488544464,"y":-0.021934768185019494,"z":0.008151713758707047,"w":-0.9371100664138794},"size":19.860368728637697,"orthographic":false}